identifiant,nom,genre,age,email
0,Laurent Dagenais,M,54.0,LaurentDagenais@rhyta.com
1,Guy Marois,M,23.0,GuyMarois@fleckens.hu
2,Beaufort Lesage,M,30.0,BeaufortLesage@einrot.com
3,Russell Durand,M,42.0,RussellDurand@armyspy.com
4,Alexis Riel,M,47.0,AlexisRiel@rhyta.com
5,Leon Lapresse,M,41.0,LeonLapresse@cuvox.de
6,Orville Routhier,M,34.0,OrvilleRouthier@gustr.com
7,Agramant Pepin,M,26.0,AgramantPepin@dayrep.com
8,Aiglentina Lambert,F,53.0,AiglentinaLambert@fleckens.hu
9,Theodore Clavet,M,31.0,TheodoreClavet@teleworm.us
10,Byron Lefebvre,M,34.0,ByronLefebvre@jourrapide.com
11,Florus Devoe,M,35.0,FlorusDevoe@einrot.com
12,Normand Arsenault,M,44.0,NormandArsenault@armyspy.com
13,Aceline Hughes,F,41.0,AcelineHughes@jourrapide.com
14,Gaston Brisette,M,28.0,GastonBrisette@superrito.com
15,Agate Grandbois,F,28.0,AgateGrandbois@gustr.com
16,Agrican Foucault,M,37.0,AgricanFoucault@jourrapide.com
17,Prunella Josseaume,F,40.0,PrunellaJosseaume@armyspy.com
18,Yseult Charest,F,43.0,YseultCharest@armyspy.com
19,Dorothee Aupry,F,47.0,DorotheeAupry@cuvox.de
20,Amaury Reault,M,29.0,AmauryReault@teleworm.us
21,Gilles Beauchamps,M,30.0,GillesBeauchamps@superrito.com
22,Franck Dumont,M,41.0,FranckDumont@gustr.com
23,Delmare L Heureux,F,54.0,DelmareLHeureux@dayrep.com
24,Alphonse Cantin,M,25.0,AlphonseCantin@cuvox.de
25,Blondelle Rochon,F,26.0,BlondelleRochon@gustr.com
26,Saville Bernard,M,36.0,SavilleBernard@armyspy.com
27,Annette Jolicoeur,F,35.0,AnnetteJolicoeur@armyspy.com
28,Bradamate Michel,F,23.0,BradamateMichel@armyspy.com
29,Hilaire Frappier,F,29.0,HilaireFrappier@armyspy.com
30,Marie Briard,F,,MarieBriard@gustr.com
31,Madeleine Batard,F,23.0,MadeleineBatard@superrito.com
32,Arber Garcia,M,40.0,ArberGarcia@dayrep.com
33,Saber Viens,M,34.0,SaberViens@superrito.com
34,Arnaud Dubois,M,50.0,ArnaudDubois@rhyta.com
35,Pryor Beauchamp,M,45.0,PryorBeauchamp@dayrep.com
36,Alphonse Potvin,M,26.0,AlphonsePotvin@armyspy.com
37,Fitz Lafontaine,M,32.0,FitzLafontaine@dayrep.com
38,Delmare Lamothe,F,53.0,DelmareLamothe@gustr.com
39,Daisi Boileau,F,43.0,DaisiBoileau@jourrapide.com
40,Somer Paquette,M,42.0,SomerPaquette@jourrapide.com
41,Olivie Courtemanche,F,53.0,OlivieCourtemanche@armyspy.com
42,Germain Hughes,M,38.0,GermainHughes@teleworm.us
43,Morgana Bellemare,F,44.0,MorganaBellemare@superrito.com
44,Merci Morin,F,50.0,MerciMorin@gustr.com
45,Verney Bedard,M,34.0,VerneyBedard@dayrep.com
46,Ignace Audibert,M,37.0,IgnaceAudibert@armyspy.com
47,Franck Binet,M,35.0,FranckBinet@superrito.com
48,Sumner Rocheleau,M,49.0,SumnerRocheleau@einrot.com
49,Aubert Patel,M,54.0,AubertPatel@armyspy.com